[
  {
    "model": "sports.Sport",
    "pk": 1,
    "fields": { "name": "Football" }
  },
  {
    "model": "sports.Sport",
    "pk": 2,
    "fields": { "name": "Tennis" }
  },
  {
    "model": "sports.Sport",
    "pk": 3,
    "fields": { "name": "Basketball" }
  },
  {
    "model": "sports.Sport",
    "pk": 4,
    "fields": { "name": "Running" }
  },
  {
    "model": "sports.Sport",
    "pk": 5,
    "fields": { "name": "Volleyball" }
  },
  {
    "model": "sports.Sport",
    "pk": 6,
    "fields": { "name": "Badminton" }
  },
  {
    "model": "sports.Sport",
    "pk": 7,
    "fields": { "name": "Yoga" }
  },
  {
    "model": "sports.Sport",
    "pk": 8,
    "fields": { "name": "Cycling" }
  },
  {
    "model": "sports.User",
    "pk": 1,
    "fields": {
      "username": "roger_federer",
      "first_name": "Roger",
      "last_name": "Federer",
      "age": 40
    }
  },
  {
    "model": "sports.User",
    "pk": 2,
    "fields": {
      "username": "lebron_james",
      "first_name": "LeBron",
      "last_name": "James",
      "age": 36
    }
  },
  {
    "model": "sports.User",
    "pk": 3,
    "fields": {
      "username": "usain_bolt",
      "first_name": "Usain",
      "last_name": "Bolt",
      "age": 34
    }
  },
  {
    "model": "sports.User",
    "pk": 4,
    "fields": {
      "username": "michael_phelps",
      "first_name": "Michael",
      "last_name": "Phelps",
      "age": 35
    }
  },
  {
    "model": "sports.User",
    "pk": 5,
    "fields": {
      "username": "serena_williams",
      "first_name": "Serena",
      "last_name": "Williams",
      "age": 39
    }
  },
  {
    "model": "sports.User",
    "pk": 6,
    "fields": {
      "username": "frank_lampard",
      "first_name": "Frank",
      "last_name": "Lampard",
      "age": 42
    }
  },
  {
    "model": "sports.User",
    "pk": 7,
    "fields": {
      "username": "steven_gerrard",
      "first_name": "Steven",
      "last_name": "Gerrard",
      "age": 41
    }
  },
  {
    "model": "sports.User",
    "pk": 8,
    "fields": {
      "username": "rafa_nadal",
      "first_name": "Rafael",
      "last_name": "Nadal",
      "age": 35
    }
  },
  {
    "model": "sports.Field",
    "pk": 1,
    "fields": {
      "name": "Stamford Bridge",
      "location": " Fulham Rd., London SW6 1HS",
      "sports": [1, 2]
    }
  },
  {
    "model": "sports.Field",
    "pk": 2,
    "fields": {
      "name": "Wimbledon Court",
      "location": "Church Road, Wimbledon",
      "sports": [2]
    }
  },
  {
    "model": "sports.Field",
    "pk": 3,
    "fields": {
      "name": "Madison Square Garden",
      "location": "4 Pennsylvania Plaza, New York",
      "sports": [3]
    }
  },
  {
    "model": "sports.Field",
    "pk": 4,
    "fields": {
      "name": "Olympic Stadium",
      "location": "Stratford, London",
      "sports": [4, 5, 6]
    }
  },
  {
    "model": "sports.Field",
    "pk": 5,
    "fields": {
      "name": "Park Avenue Field",
      "location": "Park Avenue, New York",
      "sports": [7, 8]
    }
  },
  {
    "model": "sports.Training",
    "pk": 1,
    "fields": {
      "field": 1,
      "sport": 1,
      "datetime": "2024-09-23T10:00:00Z",
      "creator": 6,
      "participants": [6, 7]
    }
  },
  {
    "model": "sports.Training",
    "pk": 2,
    "fields": {
      "field": 2,
      "sport": 2,
      "datetime": "2024-09-23T14:00:00Z",
      "creator": 8,
      "participants": [1, 8]
    }
  },
  {
    "model": "sports.Training",
    "pk": 3,
    "fields": {
      "field": 3,
      "sport": 3,
      "datetime": "2024-09-24T16:00:00Z",
      "creator": 2,
      "participants": [2]
    }
  },
  {
    "model": "sports.Training",
    "pk": 4,
    "fields": {
      "field": 4,
      "sport": 4,
      "datetime": "2024-09-25T09:00:00Z",
      "creator": 3,
      "participants": [3]
    }
  },
  {
    "model": "sports.User",
    "pk": 9,
    "fields": {
      "username": "ronnie_osullivan",
      "first_name": "Ronnie",
      "last_name": "O'Sullivan",
      "age": 47
    }
  },
  {
    "model": "sports.User",
    "pk": 10,
    "fields": {
      "username": "max_verstappen",
      "first_name": "Max",
      "last_name": "Verstappen",
      "age": 26
    }
  },
  {
    "model": "sports.User",
    "pk": 11,
    "fields": {
      "username": "lewis_hamilton",
      "first_name": "Lewis",
      "last_name": "Hamilton",
      "age": 38
    }
  },
  {
    "model": "sports.User",
    "pk": 12,
    "fields": {
      "username": "tom_brady",
      "first_name": "Tom",
      "last_name": "Brady",
      "age": 46
    }
  },
  {
    "model": "sports.User",
    "pk": 13,
    "fields": {
      "username": "michael_jordan",
      "first_name": "Michael",
      "last_name": "Jordan",
      "age": 60
    }
  },
  {
    "model": "sports.User",
    "pk": 14,
    "fields": {
      "username": "katie_ledecky",
      "first_name": "Katie",
      "last_name": "Ledecky",
      "age": 26
    }
  },
  {
    "model": "sports.User",
    "pk": 15,
    "fields": {
      "username": "neymar",
      "first_name": "Neymar",
      "last_name": "Jr",
      "age": 31
    }
  },
  {
    "model": "sports.User",
    "pk": 16,
    "fields": {
      "username": "simone_biles",
      "first_name": "Simone",
      "last_name": "Biles",
      "age": 27
    }
  },
  {
    "model": "sports.Training",
    "pk": 5,
    "fields": {
      "field": 1,
      "sport": 1,
      "datetime": "2024-09-26T10:00:00Z",
      "creator": 9,
      "participants": [9, 10, 15]
    }
  },
  {
    "model": "sports.Training",
    "pk": 6,
    "fields": {
      "field": 2,
      "sport": 2,
      "datetime": "2024-09-27T14:00:00Z",
      "creator": 10,
      "participants": [10, 11]
    }
  },
  {
    "model": "sports.Training",
    "pk": 7,
    "fields": {
      "field": 3,
      "sport": 3,
      "datetime": "2024-09-28T16:00:00Z",
      "creator": 12,
      "participants": [12, 13]
    }
  },
  {
    "model": "sports.Training",
    "pk": 8,
    "fields": {
      "field": 4,
      "sport": 4,
      "datetime": "2024-09-29T09:00:00Z",
      "creator": 13,
      "participants": [13, 14]
    }
  },
  {
    "model": "sports.Training",
    "pk": 9,
    "fields": {
      "field": 5,
      "sport": 5,
      "datetime": "2024-09-30T12:00:00Z",
      "creator": 14,
      "participants": [14, 15]
    }
  },
  {
    "model": "sports.Training",
    "pk": 10,
    "fields": {
      "field": 1,
      "sport": 6,
      "datetime": "2024-10-01T11:00:00Z",
      "creator": 15,
      "participants": [9, 16]
    }
  },
  {
    "model": "sports.Training",
    "pk": 11,
    "fields": {
      "field": 2,
      "sport": 7,
      "datetime": "2024-10-02T13:00:00Z",
      "creator": 16,
      "participants": [16, 11]
    }
  },
  {
    "model": "sports.Training",
    "pk": 12,
    "fields": {
      "field": 3,
      "sport": 8,
      "datetime": "2024-10-03T15:00:00Z",
      "creator": 12,
      "participants": [12, 14]
    }
  },
  {
  "model": "sports.Field",
  "pk": 6,
  "fields": {
    "name": "Universial field VDNH",
    "location": "VDNH, Kyiv",
    "sports": [1, 2, 3, 5, 6, 7, 8]
  }
}
]
